place,number,rate,park,nightlife,children,nature,sports,historic,art_science,aquatic,shows,adventure
abilene-tx,191,4.04,21.28,2.0,14.98,70.97,16.37,40.39,23.51,0.0,12.75,2.0
akron-oh,1189,4.37,36.83,15.81,45.44,31.43,62.3,124.8,92.59,0.0,24.16,26.67
alafaya-fl,3356,4.31,61.9,35.22,208.64,97.4,75.29,140.55,89.08,55.11,78.59,63.52
alameda-ca,3177,4.42,50.51,53.49,119.77,91.95,41.5,270.48,253.61,24.29,111.44,67.02
albany-ga,80,4.03,9.58,0.0,12.34,39.01,9.58,27.49,7.75,2.58,0.0,4.17
albany-ny,999,4.27,33.11,1.0,16.05,57.61,49.57,95.42,59.94,13.91,75.64,13.01
albany-or,375,4.17,36.45,0.0,31.05,37.7,16.66,32.51,17.17,18.14,9.0,13.5
alexandria-va,5008,4.59,68.6,91.94,46.76,106.76,61.88,497.25,234.59,22.36,137.84,31.53
allen-tx,3346,4.35,90.03,80.3,102.3,99.13,34.09,114.46,124.35,9.72,101.59,54.32
allentown-pa,963,4.09,80.58,2.0,76.67,58.24,23.56,132.94,57.18,22.4,30.06,46.09
alpharetta-ga,2959,4.38,85.85,52.62,94.76,189.02,82.89,197.52,167.69,19.53,243.5,39.68
amarillo-tx,500,4.11,20.94,0.0,24.69,49.53,23.36,38.31,48.57,12.17,17.09,18.47
ames-ia,638,4.25,23.55,9.4,43.59,24.43,19.04,72.54,59.75,0.0,18.09,9.3
anaheim-ca,4441,4.45,89.38,17.01,121.61,96.69,82.6,205.74,145.15,48.71,129.64,55.73
anchorage-ak,107,3.87,1.0,0.0,18.0,16.34,7.17,24.38,22.72,5.58,8.78,4.58
anderson-in,1779,4.32,72.95,43.37,41.15,61.24,126.77,161.95,119.62,30.11,89.72,12.49
ann-arbor-mi,2032,4.34,71.33,31.99,76.48,62.79,105.45,149.34,149.46,12.99,90.64,12.61
antioch-ca,1307,4.44,47.58,7.83,61.39,83.4,40.18,128.29,117.01,19.38,57.17,21.14
apple-valley-ca,1043,4.24,71.68,0.0,26.05,82.65,77.25,60.19,48.0,16.09,58.84,26.49
appleton-wi,1015,4.38,50.79,0.0,52.11,41.66,39.68,43.48,40.17,24.95,37.97,15.16
arcadia-ca,8604,4.61,86.83,58.74,147.35,73.17,105.65,276.84,278.31,39.05,220.68,50.39
arden-arcade-ca,862,4.02,37.19,33.61,63.83,89.23,45.56,145.73,92.96,15.17,62.73,18.72
arlington-heights-il,7424,4.59,57.4,79.34,109.04,98.17,117.52,285.33,339.94,35.13,313.77,44.03
arlington-va,4415,4.58,70.16,75.27,44.59,103.97,62.07,494.92,237.33,18.56,142.48,36.12
arvada-co,2556,4.39,25.46,37.03,70.42,81.78,68.18,139.8,162.37,14.97,106.18,24.18
asheville-nc,587,4.2,69.01,16.31,55.35,168.35,66.79,72.14,43.43,10.74,10.67,20.32
atascocita-tx,1571,4.36,66.76,12.49,93.44,60.74,22.79,140.45,193.47,21.13,75.38,36.02
atlanta-ga,4284,4.5,75.08,40.03,79.74,113.95,69.55,213.13,170.2,19.71,196.41,35.36
auburn-wa,3533,4.43,68.53,52.82,82.8,99.06,69.11,224.04,202.73,21.91,106.91,35.75
aurora-co,2571,4.39,36.91,21.72,68.42,102.63,70.86,126.02,138.13,20.32,74.72,15.53
aurora-il,2894,4.51,72.57,10.38,105.74,90.76,86.69,173.01,132.56,30.06,53.41,44.03
austin-tx,3293,4.52,85.52,90.25,49.88,132.49,109.08,149.69,180.85,8.46,163.8,44.2
avondale-az,2680,4.36,18.75,31.1,82.44,59.6,114.18,160.05,160.44,5.46,175.28,31.89
bakersfield-ca,445,4.21,25.7,0.0,17.37,47.07,17.0,72.73,27.82,13.47,19.59,18.14
baldwin-park-ca,8670,4.61,90.71,70.51,142.09,82.9,105.58,276.29,287.8,38.6,232.06,68.21
baltimore-md,2944,4.47,83.85,83.45,49.72,85.28,89.47,229.28,122.66,38.1,17.44,33.1
bartlett-tn,1087,4.1,34.47,43.72,47.92,51.51,25.69,195.41,103.86,9.49,39.91,15.87
baton-rouge-la,366,4.06,23.71,4.0,30.23,52.76,12.6,110.9,85.31,6.81,36.23,11.49
battle-creek-mi,1044,4.22,50.15,30.41,68.41,60.94,29.64,77.84,67.56,30.19,52.61,7.17
bayonne-nj,7244,4.61,76.18,100.61,101.87,58.14,137.16,234.66,241.41,18.88,278.27,30.43
baytown-tx,1487,4.36,67.76,12.49,99.68,69.36,12.02,133.1,188.23,23.94,68.51,35.95
beaumont-tx,161,3.76,29.5,0.0,34.53,60.21,4.17,30.85,19.09,16.89,0.0,17.3
beaverton-or,927,4.23,25.37,50.9,47.88,46.67,10.42,114.69,88.47,14.49,60.76,47.31
bellevue-ne,870,4.27,24.05,12.34,55.73,36.44,40.86,77.99,86.27,0.0,40.54,24.56
bellevue-wa,4101,4.41,89.88,52.99,70.64,131.94,90.19,222.98,252.87,34.81,96.49,52.75
bellflower-ca,8495,4.59,91.8,63.34,116.02,79.63,110.97,275.08,287.78,43.22,217.72,57.5
bellingham-wa,283,3.95,41.83,1.0,30.51,81.09,65.68,36.28,22.34,13.58,19.43,3.91
bend-or,252,4.04,14.23,20.64,17.18,53.16,16.72,29.35,11.81,9.0,16.18,4.58
berkeley-ca,2754,4.41,47.16,23.62,128.58,83.99,44.41,221.92,195.13,21.97,86.07,72.08
berwyn-il,7249,4.61,58.4,86.96,93.41,87.4,139.43,248.67,303.34,33.45,313.13,31.91
bethesda-md,5303,4.57,95.41,94.75,67.71,114.5,66.34,560.35,257.86,19.36,160.41,40.12
bethlehem-pa,1032,4.09,80.13,11.72,105.89,79.57,35.86,123.97,57.08,20.4,38.83,35.11
billings-mt,224,4.45,16.38,0.0,9.97,54.81,12.65,75.96,13.75,6.34,0.0,1.58
birmingham-al,766,4.2,25.16,6.58,45.22,101.51,53.09,154.39,116.42,8.58,33.36,16.51
bismarck-nd,78,4.14,7.64,0.0,7.75,15.72,6.64,38.14,16.25,0.0,0.0,8.08
blaine-mn,4473,4.58,64.09,20.33,105.33,62.8,118.84,90.74,170.3,9.27,149.51,33.31
bloomington-il,932,4.31,64.55,1.0,72.95,37.08,36.15,101.2,18.42,4.32,6.48,11.17
bloomington-in,745,4.15,63.08,9.13,31.87,45.26,81.04,121.11,69.25,16.89,36.04,6.32
bloomington-mn,4347,4.58,55.89,20.33,108.09,32.37,95.76,93.91,167.98,10.27,149.51,32.31
blue-springs-mo,2576,4.36,40.19,35.08,85.95,51.05,106.62,164.17,109.76,11.38,67.19,15.87
boca-raton-fl,847,4.11,60.26,13.26,78.42,80.87,31.68,87.03,113.66,40.76,9.34,9.74
boise-city-id,256,3.79,31.21,11.25,28.41,49.08,24.67,47.89,19.75,17.91,16.34,8.61
bolingbrook-il,6012,4.54,56.98,78.27,105.04,79.33,91.09,296.95,319.45,31.87,308.66,28.29
bossier-city-la,127,3.53,16.8,3.17,20.35,46.64,21.44,45.09,28.06,11.49,17.48,12.47
boston-ma,3318,4.37,45.29,32.14,37.28,69.71,55.33,225.14,134.9,26.48,84.96,12.37
boulder-co,1399,4.24,23.07,27.09,46.38,80.33,55.35,141.22,139.45,12.97,73.42,32.35
bowie-md,4844,4.56,83.97,122.67,55.92,117.11,62.33,466.15,219.84,26.18,131.14,39.51
bowling-green-ky,1505,4.51,47.35,1.0,38.55,76.68,54.28,78.31,66.22,22.33,57.0,7.98
boynton-beach-fl,929,4.12,63.82,13.26,82.24,82.48,39.17,94.2,93.16,48.16,6.34,16.65
brandon-fl,1885,4.34,54.43,16.84,108.47,51.38,68.81,156.95,127.92,33.02,154.42,28.23
brentwood-ca,1149,4.39,44.99,0.0,53.17,79.06,25.73,124.31,89.12,18.38,26.52,15.17
brentwood-ny,2313,4.36,106.95,19.55,103.43,94.04,78.23,155.06,104.25,70.27,42.39,23.63
bridgeport-ct,1567,4.16,64.61,22.87,94.6,91.92,63.63,130.26,87.15,48.0,7.17,28.48
bristol-ct,1438,4.14,53.91,21.87,65.47,70.93,68.63,150.65,133.97,43.17,24.8,30.35
brockton-ma,3696,4.31,55.6,36.64,64.32,97.55,73.62,253.71,216.23,36.49,125.86,25.13
broken-arrow-ok,557,4.18,9.58,21.07,65.5,47.93,28.52,93.26,63.42,1.0,23.2,17.85
brooklyn-park-mn,4460,4.58,68.85,20.33,105.33,62.8,118.84,90.74,170.3,9.27,149.51,33.31
broomfield-co,2560,4.38,22.66,37.03,70.42,83.0,65.59,148.9,157.73,14.97,106.18,26.18
brownsville-tx,141,4.11,7.58,8.34,11.21,35.34,3.58,31.68,10.92,16.08,0.0,1.58
bryan-tx,260,4.08,12.81,5.52,23.19,47.91,16.88,46.4,23.94,6.44,0.0,14.55
buckeye-az,2174,4.43,21.4,11.78,49.27,50.01,104.8,115.96,106.06,1.0,141.67,17.62
buena-park-ca,7468,4.55,95.16,67.87,141.16,86.46,93.7,294.38,280.26,39.44,224.93,71.43
buffalo-ny,1292,4.29,36.45,8.17,73.53,71.67,64.39,107.93,77.47,11.23,55.08,23.51
burnsville-mn,4312,4.58,55.89,20.33,99.67,32.37,95.76,93.91,167.98,10.27,149.51,33.31
camarillo-ca,1989,4.46,79.66,4.58,40.78,92.85,48.33,148.34,116.02,57.6,53.62,22.55
cambridge-ma,3646,4.31,51.32,45.33,68.58,93.97,73.0,227.54,192.03,21.22,81.07,47.41
camden-nj,3576,4.57,80.49,18.02,118.3,69.76,64.3,228.84,124.35,30.02,89.05,38.65
canton-oh,1030,4.44,38.57,1.58,54.84,35.07,66.2,97.21,33.0,6.17,4.86,18.86
cape-coral-fl,1002,4.09,47.13,0.0,76.34,63.3,30.68,56.44,54.64,35.62,33.68,16.83
carlsbad-ca,3280,4.37,45.74,54.55,134.31,63.32,68.83,192.89,193.53,72.04,176.17,28.53
carmel-in,3481,4.43,82.21,79.64,96.72,57.43,159.87,365.7,219.66,19.89,169.48,17.88
carmichael-ca,753,4.0,39.51,24.83,50.91,91.06,45.56,145.25,88.56,15.17,62.73,18.72
carrollton-tx,3594,4.35,99.35,98.5,113.0,107.96,61.89,98.37,134.74,11.72,129.46,54.32
carson-ca,8807,4.59,96.7,70.51,150.91,95.26,109.5,281.25,294.36,51.77,226.8,58.11
carson-city-nv,387,4.1,7.17,3.32,19.51,81.71,41.9,66.74,42.47,15.56,15.18,6.17
cary-nc,1691,4.32,73.34,64.85,56.29,66.18,87.77,119.59,120.01,14.91,77.51,17.64
casas-adobes-az,630,4.11,7.58,3.17,51.67,45.25,24.47,112.16,94.31,0.0,20.68,57.84
casper-wy,74,3.95,6.91,0.0,7.17,46.89,18.85,53.7,21.96,5.58,0.0,7.94
castro-valley-ca,3384,4.47,40.82,28.7,122.21,75.86,62.15,271.36,229.49,22.71,83.1,71.36
cathedral-city-ca,807,4.12,37.12,5.32,34.95,62.49,42.39,65.25,47.18,28.9,60.51,33.73
cedar-rapids-ia,402,4.1,9.56,0.0,13.83,23.14,33.12,73.94,34.53,0.0,18.73,18.38
centennial-co,2628,4.4,26.2,21.72,68.42,98.58,65.5,132.69,138.13,14.97,74.72,14.53
champaign-il,791,4.3,45.71,0.0,40.38,25.82,48.12,77.65,48.54,9.18,11.27,7.17
chandler-az,2428,4.35,21.34,25.37,68.04,53.94,107.77,158.51,160.38,5.46,159.47,34.47
chapel-hill-nc,1691,4.32,81.09,64.85,65.37,69.94,91.94,131.06,133.55,10.91,77.51,22.78
charleston-sc,780,4.07,32.33,1.0,51.63,83.52,16.31,156.04,51.94,16.17,34.16,29.29
charleston-wv,144,3.66,13.23,9.05,18.96,22.66,18.95,43.98,25.31,1.58,15.52,15.85
chattanooga-tn,1108,4.23,66.73,0.0,72.01,198.99,66.84,89.47,61.25,18.72,3.17,73.29
chesapeake-va,1176,4.28,40.22,4.17,91.17,72.56,22.04,164.44,75.98,41.27,8.16,13.49
cheyenne-wy,345,4.0,8.58,1.58,31.83,54.46,36.35,38.54,24.7,13.38,0.0,9.04
chicago-il,8810,4.61,76.32,85.72,106.6,66.45,132.97,291.82,365.44,33.54,330.56,24.72
chico-ca,402,4.36,13.39,6.89,11.1,76.38,45.47,40.82,17.96,9.17,0.0,4.58
chicopee-ma,1226,4.1,42.97,4.58,63.89,83.74,48.71,191.78,101.28,20.84,35.63,17.18
chino-ca,4450,4.52,76.26,13.2,110.31,81.21,73.52,182.9,169.59,23.22,150.04,46.72
chino-hills-ca,5314,4.49,88.31,17.01,108.59,98.14,89.27,207.32,196.39,34.75,129.64,54.95
chula-vista-ca,3170,4.35,35.16,74.92,102.01,71.56,70.34,206.14,225.84,58.33,120.99,26.11
cicero-il,7790,4.6,58.4,86.96,100.22,85.08,137.11,269.81,335.01,31.13,313.13,31.91
cincinnati-oh,2034,4.25,139.18,19.63,105.72,74.03,119.69,198.36,147.67,23.2,70.65,34.01
citrus-heights-ca,777,4.02,33.51,24.83,46.26,83.27,40.24,145.25,83.44,16.34,55.77,18.72
clarksville-tn,519,4.15,59.7,0.0,26.4,72.32,32.05,61.18,57.65,19.57,18.09,5.58
clearwater-fl,1835,4.35,69.58,24.53,99.76,52.24,59.96,127.0,104.67,47.32,144.71,11.01
cleveland-oh,2491,4.45,25.57,48.83,76.51,27.84,78.35,111.26,106.73,7.17,43.45,18.91
clifton-nj,7254,4.6,82.61,100.61,101.55,65.95,133.57,239.83,253.33,28.13,292.2,26.52
clovis-ca,514,4.21,11.73,8.34,20.04,62.23,28.51,38.6,17.8,10.75,11.67,14.04
coconut-creek-fl,1244,4.05,75.45,23.13,94.9,80.9,22.39,91.07,112.75,46.16,0.0,12.07
college-station-tx,255,4.06,12.81,5.52,23.19,48.91,14.56,48.4,19.62,6.44,0.0,14.55
colorado-springs-co,991,4.08,15.92,13.78,61.22,97.91,69.88,96.15,92.71,13.75,54.06,17.78
colton-ca,3198,4.52,70.63,5.32,85.01,71.97,84.96,132.33,72.93,22.17,116.91,46.37
columbia-md,4667,4.54,92.8,85.36,60.46,118.64,112.67,422.56,236.83,48.29,174.64,36.52
columbia-mo,143,3.8,11.51,0.0,20.14,23.08,15.47,48.8,1.0,7.17,10.92,2.0
columbia-sc,282,3.88,50.12,0.0,33.28,88.26,27.65,71.04,27.63,13.81,0.0,20.55
columbus-ga,590,4.36,37.53,0.0,56.39,71.17,27.63,137.63,57.08,4.17,0.0,16.88
columbus-oh,2342,4.43,70.58,28.14,30.1,76.45,108.81,99.04,113.33,0.0,119.42,16.05
compton-ca,8431,4.6,91.8,63.34,123.37,83.25,108.3,274.08,280.02,47.86,212.46,58.11
concord-nc,2290,4.37,66.23,92.94,89.05,121.12,102.41,173.38,190.19,20.41,153.73,42.88
conroe-tx,848,4.28,63.36,6.0,63.23,60.1,45.48,67.04,62.91,12.09,22.26,31.87
conway-ar,455,3.92,19.57,0.0,57.32,85.25,25.01,123.15,66.32,11.23,7.04,15.57
coon-rapids-mn,4417,4.59,59.92,20.33,105.33,50.29,114.67,90.74,170.3,9.27,149.51,33.31
coral-springs-fl,924,4.06,79.42,6.92,89.92,84.39,28.88,99.29,104.64,46.16,0.0,9.95
corona-ca,4434,4.54,87.12,17.01,118.32,83.65,79.93,175.5,158.07,49.54,158.93,45.5
corpus-christi-tx,305,4.06,11.61,0.0,29.18,39.37,8.79,71.58,27.63,16.49,16.0,14.72
corvallis-or,152,3.83,14.17,0.0,31.47,36.91,16.92,28.51,14.17,22.72,9.0,16.5
costa-mesa-ca,5241,4.53,107.25,17.01,115.96,88.14,75.08,197.2,197.23,58.0,158.93,54.12
council-bluffs-ia,875,4.26,19.05,12.34,53.73,34.99,40.86,73.53,82.82,0.0,40.54,21.1
cranston-ri,1624,4.14,61.77,20.56,49.52,119.28,55.3,210.42,100.53,39.97,74.92,44.97
cupertino-ca,3019,4.48,61.46,17.92,84.37,113.63,79.52,221.78,189.06,27.15,52.95,31.79
dale-city-va,3312,4.52,85.55,74.27,48.34,113.27,37.06,446.49,210.73,31.43,127.61,15.73
dallas-tx,3396,4.38,79.05,102.39,73.54,81.47,40.9,176.87,188.22,11.72,97.59,38.81
daly-city-ca,4270,4.43,57.91,66.69,135.32,97.98,58.48,291.01,272.79,28.1,128.67,79.06
danbury-ct,1719,4.15,60.56,22.87,76.52,78.29,66.44,140.0,121.08,48.42,7.17,24.57
davenport-ia,475,4.03,11.15,3.58,30.34,28.34,27.91,51.62,27.38,1.0,0.0,13.4
davie-fl,1360,4.13,74.15,43.94,93.97,90.61,27.56,115.17,144.62,55.97,33.19,25.24
davis-ca,807,4.09,23.61,16.04,54.77,70.16,32.22,135.88,73.72,16.08,55.77,12.4
dayton-oh,1069,4.2,101.84,42.05,72.41,72.33,90.31,178.58,129.35,17.55,96.62,28.61
dearborn-heights-mi,3870,4.45,79.25,62.28,92.16,92.7,138.35,200.87,234.97,12.99,207.66,41.07
dearborn-mi,3631,4.48,79.25,47.7,82.99,92.7,138.91,191.93,210.53,12.99,165.94,37.07
decatur-al,419,4.17,32.95,0.0,16.66,137.54,46.29,62.21,66.99,12.04,8.34,10.29
decatur-il,214,3.76,47.22,1.0,33.8,39.18,28.09,100.38,28.35,6.86,4.86,11.17
deerfield-beach-fl,1214,4.07,70.45,29.47,98.48,79.48,23.97,102.91,122.03,47.16,6.34,13.65
delano-ca,403,4.28,8.92,0.0,22.49,80.56,27.53,59.08,29.04,3.17,19.59,15.92
delray-beach-fl,892,4.07,61.5,16.72,73.7,82.48,48.4,87.03,97.56,46.16,10.43,13.74
deltona-fl,1483,4.2,71.66,28.62,83.74,114.1,91.02,164.36,96.08,68.28,73.78,42.67
denton-tx,2701,4.34,75.73,14.05,69.64,93.17,48.06,81.54,85.49,9.72,29.4,41.23
denver-co,3999,4.41,35.09,36.42,77.88,106.33,56.32,126.18,142.98,7.94,131.18,30.79
des-moines-ia,1150,4.32,20.99,27.69,52.55,13.66,8.32,76.81,103.91,0.0,55.52,6.13
des-plaines-il,8217,4.57,57.4,79.56,110.21,98.17,144.69,268.42,357.66,35.13,328.85,40.45
detroit-mi,3754,4.5,73.4,47.39,59.78,70.9,130.51,218.77,202.79,3.58,139.84,18.11
diamond-bar-ca,6433,4.5,107.41,50.11,128.61,87.29,104.35,255.56,257.57,29.63,200.95,59.19
dothan-al,106,3.85,9.0,0.0,13.32,53.66,10.58,39.1,20.91,11.63,0.0,9.71
dubuque-ia,398,4.17,29.16,0.0,28.26,51.69,30.88,44.03,22.7,2.0,10.0,13.09
duluth-mn,534,4.16,17.98,11.8,12.99,37.29,28.18,52.6,32.76,0.0,23.95,2.0
dundalk-md,3144,4.48,101.53,63.06,45.68,117.55,104.27,286.92,142.37,39.1,40.98,31.01
durham-nc,1719,4.32,74.92,74.57,65.89,66.77,89.35,125.08,126.64,9.91,82.37,12.0
eagan-mn,4402,4.59,62.35,20.33,99.67,49.29,103.22,98.66,169.57,10.27,149.51,33.31
east-orange-nj,7091,4.61,74.6,100.61,89.66,68.47,133.57,242.09,233.95,32.89,278.27,32.01
eau-claire-wi,307,4.34,20.15,4.46,12.66,42.42,25.99,24.71,6.34,6.81,7.62,7.49
eden-prairie-mn,4388,4.58,54.89,20.33,104.33,46.77,100.46,90.74,167.98,14.97,149.51,33.31
edinburg-tx,80,4.4,5.58,0.0,4.17,26.34,3.58,15.3,1.0,11.75,0.0,0.0
edmond-ok,619,4.27,26.62,6.78,57.44,43.7,24.52,174.37,76.66,4.58,4.0,16.85
el-cajon-ca,3593,4.37,48.12,61.3,126.63,81.28,82.8,196.16,217.06,69.62,120.99,30.76
el-paso-tx,303,4.14,12.32,5.49,18.41,55.2,39.85,48.44,36.06,0.0,1.0,10.49
elgin-il,3012,4.49,66.07,10.38,100.15,85.17,84.61,169.4,130.0,33.06,48.58,41.44
elizabeth-nj,7018,4.61,72.91,100.61,90.15,59.73,138.16,233.66,233.95,18.88,278.27,32.01
elk-grove-ca,1016,4.13,34.61,29.08,65.41,107.63,38.05,143.15,89.56,17.63,62.73,17.72
elkhart-in,641,3.94,85.53,14.55,37.8,82.52,54.98,108.7,57.93,40.32,37.52,20.91
elyria-oh,2042,4.41,42.08,47.59,97.93,33.49,58.81,126.46,102.11,0.0,74.44,27.03
encinitas-ca,3680,4.38,58.46,61.3,139.69,85.03,68.57,207.5,217.17,84.81,142.23,39.53
enterprise-nv,12971,4.16,12.89,135.59,77.07,63.52,35.89,145.1,160.04,15.51,43.63,95.44
erie-pa,955,4.42,15.4,0.0,30.04,25.46,47.68,39.74,13.53,3.58,17.5,3.0
escondido-ca,3701,4.39,47.5,61.3,147.06,65.94,65.24,210.09,203.52,63.09,112.05,31.62
evanston-il,7494,4.6,53.81,67.51,94.78,96.06,137.52,235.34,275.97,31.55,309.65,32.69
evansville-in,298,4.04,43.23,4.81,32.93,61.62,39.57,56.13,28.28,28.35,14.47,9.41
everett-wa,2992,4.43,55.16,70.14,66.43,98.22,90.44,164.95,142.38,9.39,94.49,8.16
fairfield-ca,1331,4.32,40.48,0.0,61.54,80.52,33.39,124.48,82.24,21.88,59.68,10.77
fall-river-ma,1456,4.08,52.84,17.56,58.28,124.02,61.66,220.29,85.25,40.93,62.5,39.05
fargo-nd,151,3.61,2.81,0.0,9.23,5.81,10.23,34.12,27.77,0.0,16.85,6.64
farmington-hills-mi,3753,4.46,79.25,55.87,79.87,92.7,152.45,212.61,207.49,12.99,169.75,38.07
fayetteville-nc,937,4.26,71.58,12.97,60.22,67.28,63.76,69.02,9.14,14.91,0.0,22.45
federal-way-wa,3516,4.44,67.06,53.82,85.39,110.58,73.05,231.72,211.9,21.64,106.91,35.75
fishers-in,3176,4.4,87.66,75.03,86.05,58.07,154.01,348.27,196.89,19.89,169.48,17.88
flint-mi,1014,4.34,58.34,4.58,43.46,56.81,57.32,60.23,51.53,24.8,21.82,12.8
florence-graham-ca,8607,4.59,90.62,70.51,134.01,84.45,100.63,286.59,299.7,44.51,226.8,54.94
florissant-mo,2514,4.48,32.41,26.01,120.49,59.19,60.2,131.24,128.7,2.0,67.74,44.66
folsom-ca,778,4.01,28.34,33.61,44.68,72.34,35.65,141.08,75.32,12.75,55.77,18.72
fontana-ca,3762,4.55,89.31,5.32,106.89,74.08,85.18,132.72,90.7,32.43,121.8,45.66
fort-collins-co,560,4.03,14.25,6.81,35.0,75.99,52.59,32.56,39.63,15.97,12.11,24.02
fort-lauderdale-fl,1271,4.14,56.54,56.83,64.13,73.61,22.07,79.32,129.26,36.44,50.5,18.33
fort-myers-fl,895,4.18,54.64,0.0,85.39,58.42,32.01,51.27,49.64,36.32,3.17,15.83
fort-smith-ar,284,3.92,9.58,1.0,36.04,68.07,15.34,63.45,27.18,2.58,13.04,8.13
fort-wayne-in,1195,4.31,51.98,0.0,44.99,35.46,35.18,175.37,81.26,8.44,41.55,10.42
fort-worth-tx,2768,4.37,86.45,26.55,68.01,104.99,64.05,131.13,132.78,12.04,57.79,41.13
fountain-valley-ca,6112,4.53,107.35,32.41,122.18,82.38,85.92,270.8,253.23,50.94,184.36,52.73
fountainebleau-fl,1449,4.12,83.64,37.02,119.88,102.14,38.82,123.24,132.03,69.72,33.19,29.99
framingham-ma,3941,4.31,54.51,45.68,61.59,99.39,76.36,263.76,198.03,19.11,95.0,27.0
franklin-tn,3008,4.4,50.65,44.83,56.74,120.17,103.74,288.18,211.8,20.09,129.52,22.5
frederick-md,858,4.3,88.12,0.0,33.38,92.12,31.02,168.67,41.94,26.62,27.52,12.31
fremont-ca,3388,4.54,36.82,19.13,65.13,99.95,64.98,212.81,224.39,22.25,77.1,41.16
fresno-ca,224,4.26,10.15,8.34,16.46,57.06,28.51,24.32,9.04,9.75,11.67,14.04
frisco-tx,3514,4.37,85.12,79.3,102.3,95.96,41.04,116.1,138.89,9.72,101.59,52.32
fullerton-ca,7510,4.56,94.53,60.7,128.69,92.79,103.35,294.34,259.77,38.83,203.28,67.85
gainesville-fl,496,4.18,73.52,0.0,57.17,139.33,52.48,84.35,37.84,55.51,10.57,13.26
garden-grove-ca,6323,4.52,106.28,46.15,111.8,96.22,79.33,281.99,260.33,41.33,191.23,68.93
gardena-ca,8699,4.59,97.58,63.34,166.39,97.53,106.54,272.91,279.36,49.15,212.46,57.26
garland-tx,3398,4.35,106.85,80.59,110.0,114.13,56.02,94.37,132.11,11.72,102.59,51.32
gary-in,8612,4.6,67.07,114.56,91.77,82.49,148.26,286.82,355.11,41.13,306.15,23.01
gastonia-nc,2311,4.36,70.23,95.58,88.24,130.25,107.36,138.7,167.22,21.99,146.33,45.75
gilbert-az,1739,4.25,21.34,25.37,68.68,50.62,79.81,159.83,143.51,5.46,153.24,39.12
glen-burnie-md,4866,4.52,110.6,118.91,64.26,124.04,106.92,496.46,190.18,49.16,84.19,27.52
glendale-az,2882,4.36,21.34,25.37,79.44,56.6,147.37,200.17,172.84,5.46,152.07,39.12
glendale-ca,8277,4.61,91.62,71.11,138.42,91.06,92.93,268.95,262.05,44.51,222.06,65.58
glendora-ca,6894,4.6,92.21,60.69,136.57,79.27,72.93,248.53,236.52,33.66,192.79,42.4
goodyear-az,2000,4.3,21.4,25.37,70.4,57.6,86.22,166.55,163.3,5.46,188.58,25.08
grand-forks-nd,8,3.3,2.81,0.0,0.0,2.81,2.81,3.0,2.0,0.0,0.0,0.0
grand-junction-co,344,4.25,25.09,2.0,10.61,75.93,32.07,59.59,23.1,8.39,3.0,8.91
grand-prairie-tx,3622,4.34,95.03,90.8,114.32,118.3,64.95,127.6,150.82,11.72,140.95,60.56
grand-rapids-mi,1835,4.23,54.66,38.8,80.77,57.77,54.72,99.04,84.7,29.19,54.84,18.6
great-falls-mt,69,4.12,12.34,0.0,2.0,33.74,19.49,37.04,14.57,20.31,0.0,4.7
greeley-co,718,4.15,21.49,5.81,41.64,77.57,52.59,34.56,39.63,15.97,11.11,22.02
green-bay-wi,1468,4.45,49.79,0.0,56.28,48.42,58.73,33.09,24.75,25.54,34.8,16.75
greensboro-nc,836,4.22,97.56,32.84,51.6,103.5,62.95,101.31,51.02,19.11,44.63,21.78
greenville-nc,269,4.09,30.14,0.0,23.46,31.72,10.91,100.05,12.31,25.17,0.0,16.39
greenville-sc,562,4.28,84.49,8.34,50.93,136.94,50.61,45.64,43.03,8.42,20.99,16.07
gresham-or,1388,4.36,47.7,43.33,60.88,56.92,9.87,115.07,102.83,11.58,71.99,52.17
gulfport-ms,331,4.1,18.78,0.0,29.13,61.17,8.39,106.03,55.6,13.98,0.0,7.32
hamilton-oh,1846,4.17,113.09,28.96,88.57,77.22,110.29,220.04,167.17,38.59,98.26,61.03
hammond-in,8582,4.6,77.76,96.1,103.6,74.85,173.73,275.21,334.52,43.26,315.87,32.35
hampton-va,1040,4.28,39.49,4.17,79.83,73.33,25.84,168.63,81.3,37.24,8.16,15.49
hanford-ca,180,4.06,11.73,8.34,25.24,54.47,23.02,31.95,25.38,9.75,11.67,16.04
harlingen-tx,114,4.16,5.58,8.34,4.17,26.34,3.58,15.3,1.0,11.75,0.0,0.0
hartford-ct,1260,4.17,49.73,1.0,90.91,73.71,54.75,155.43,104.39,35.17,36.11,30.35
haverhill-ma,3301,4.33,48.12,32.11,81.95,87.35,40.7,207.02,199.89,19.14,63.09,35.71
hawthorne-ca,8601,4.59,97.58,51.57,154.12,95.94,98.25,274.57,268.19,49.15,207.03,44.68
hemet-ca,1287,4.13,52.93,5.32,47.58,70.27,57.87,113.74,68.16,32.21,118.65,40.43
hempstead-ny,6573,4.61,96.28,100.61,109.8,60.9,100.72,253.53,239.02,43.53,268.57,29.59
henderson-nv,13468,4.21,12.89,135.59,81.77,107.53,43.76,158.91,164.61,15.51,33.46,95.44
hendersonville-tn,3169,4.39,64.05,55.62,55.16,150.62,114.88,270.32,227.36,21.68,133.91,25.5
hesperia-ca,1292,4.19,51.16,5.32,57.35,55.15,68.81,98.37,63.44,26.35,103.66,48.84
hialeah-fl,1432,4.11,82.02,43.94,105.55,89.63,36.82,151.89,158.54,56.06,33.19,35.45
high-point-nc,817,4.2,96.31,12.9,56.45,113.42,64.95,114.2,46.45,17.11,12.0,19.78
highland-ca,1190,4.12,54.84,5.32,75.05,59.16,82.68,105.84,71.93,18.89,77.32,57.13
highlands-ranch-co,2612,4.39,23.88,21.72,70.01,86.86,63.18,132.69,138.13,14.97,74.72,14.53
hillsboro-or,1100,4.32,27.68,54.07,43.49,47.66,11.12,103.69,106.32,17.12,67.1,40.07
hoboken-nj,6973,4.6,84.39,83.69,102.87,67.35,135.99,240.3,235.27,32.3,269.81,32.01
hoffman-estates-il,4883,4.46,58.4,103.29,92.2,88.38,88.19,218.63,253.82,37.45,303.49,45.2
hollywood-fl,1422,4.14,75.15,46.44,78.42,86.61,27.82,119.85,139.13,59.87,33.19,22.5
homestead-fl,1332,4.14,66.59,37.02,95.63,94.84,29.21,115.58,105.43,51.31,20.93,28.66
hoover-al,728,4.23,24.16,6.58,43.63,96.61,48.92,144.48,106.51,8.58,33.36,14.93
huntington-park-ca,8665,4.59,90.62,70.51,123.37,91.06,100.63,299.82,299.7,44.51,226.8,61.55
huntsville-al,486,4.2,37.27,0.0,26.66,146.59,40.42,76.47,65.99,13.04,8.34,11.61
idaho-falls-id,323,4.52,7.17,0.0,31.61,93.7,38.35,37.78,17.0,3.0,5.17,4.58
independence-mo,2387,4.43,40.19,30.38,73.41,39.76,106.62,154.88,82.51,9.8,67.19,15.87
indio-ca,785,4.13,39.7,5.32,28.36,67.32,43.39,75.17,47.59,28.9,49.09,32.15
inglewood-ca,8338,4.58,101.67,63.34,147.97,100.03,103.34,275.42,246.12,53.24,226.91,56.83
iowa-city-ia,332,4.16,10.56,0.0,9.08,24.73,24.54,70.03,28.36,0.0,18.73,12.04
irondequoit-ny,705,4.18,53.52,9.09,35.6,87.34,38.19,83.98,60.51,24.46,89.62,13.47
jackson-ms,162,3.87,13.58,1.0,27.26,52.55,12.91,89.45,55.48,3.0,0.0,8.17
jackson-tn,478,4.22,28.87,0.0,35.91,54.6,17.85,55.76,67.03,13.78,0.0,17.65
jacksonville-nc,211,3.76,10.98,0.0,21.74,41.63,12.15,41.63,8.55,17.45,0.0,20.26
janesville-wi,1025,4.17,54.24,10.19,53.37,71.1,61.48,77.81,84.18,28.15,68.09,16.73
jersey-city-nj,6421,4.6,84.39,83.69,89.25,65.35,108.05,235.66,224.97,32.3,260.83,26.52
johns-creek-ga,2853,4.39,88.44,52.62,92.95,188.02,85.47,192.03,159.63,19.53,223.27,39.68
johnson-city-tn,353,4.16,61.87,1.0,28.06,133.75,51.96,39.51,21.43,11.23,6.64,11.19
joliet-il,3259,4.54,71.48,4.17,88.55,79.59,87.52,176.77,139.97,25.48,45.48,25.97
jonesboro-ar,443,4.12,28.49,0.0,40.16,60.24,22.23,80.69,46.16,13.4,34.52,8.81
joplin-mo,407,4.07,23.64,1.0,58.99,76.82,20.05,70.86,49.54,3.17,11.04,23.17
jupiter-fl,945,4.11,66.96,8.34,88.48,64.17,42.91,72.86,48.26,41.5,22.44,9.93
kalamazoo-mi,1167,4.18,59.87,38.58,78.59,70.66,58.49,101.35,79.55,35.59,41.75,10.08
kansas-city-mo,2773,4.4,41.87,33.08,76.69,48.58,114.41,168.81,120.52,9.8,87.12,17.67
kendale-lakes-fl,1289,4.12,83.64,37.02,103.27,93.35,38.82,129.86,119.01,60.32,33.19,30.99
kendall-fl,1286,4.13,79.32,37.02,107.08,97.35,38.82,129.86,119.01,61.81,33.19,30.99
kenner-la,1480,4.35,29.49,91.83,63.38,51.01,16.88,230.45,103.55,6.81,41.71,54.35
kennewick-wa,44,4.2,9.58,0.0,2.58,29.09,14.75,9.17,2.58,4.0,0.0,3.58
kenosha-wi,1250,4.32,73.43,0.0,69.44,81.63,30.17,89.16,45.96,32.08,24.64,17.34
kent-wa,4323,4.39,88.92,56.99,90.8,117.02,107.14,226.65,252.74,22.64,112.76,55.33
kettering-oh,1125,4.22,99.97,31.19,77.52,73.65,97.65,181.33,142.97,19.87,97.62,46.24
killeen-tx,754,4.24,41.44,0.0,46.52,111.97,58.05,53.7,20.89,2.0,6.69,29.74
kingman-az,2111,4.08,19.0,30.36,23.93,67.65,18.8,89.24,102.8,2.58,18.1,52.55
kissimmee-fl,3603,4.34,53.4,35.22,242.44,110.08,55.62,121.35,77.93,56.2,84.11,55.13
knoxville-tn,831,4.16,39.45,8.3,39.09,115.35,60.74,119.2,72.34,15.98,38.9,31.89
la-crosse-wi,450,4.44,17.51,0.0,16.34,40.04,42.28,35.35,15.25,4.0,7.62,12.49
la-habra-ca,8695,4.59,91.21,64.06,102.8,86.76,103.69,285.18,289.93,38.83,227.97,65.73
la-mesa-ca,3860,4.39,47.54,61.3,142.69,81.11,77.63,203.75,225.4,69.62,120.99,31.76
lafayette-in,1174,4.29,46.58,28.88,46.15,38.04,59.98,137.77,99.03,6.86,126.88,8.17
lafayette-la,142,4.07,15.09,0.0,12.91,41.65,10.38,76.67,36.21,3.0,20.84,12.23
laguna-niguel-ca,4579,4.55,83.29,17.01,146.78,86.47,73.56,142.6,123.92,64.96,156.9,54.16
lake-charles-la,82,4.01,17.92,0.0,15.94,32.0,4.91,37.6,10.49,14.09,0.0,14.31
lake-elsinore-ca,3143,4.49,80.25,9.13,119.03,77.41,78.56,149.04,88.46,51.64,57.53,60.75
lake-forest-ca,4534,4.52,105.08,17.01,117.95,98.97,80.21,184.53,165.38,56.83,166.33,53.7
lakeland-fl,2183,4.34,62.21,0.0,162.96,65.23,36.74,118.06,77.92,32.02,40.22,40.05
lakeville-mn,4301,4.59,48.87,20.33,110.09,45.35,104.03,111.44,156.08,10.27,149.51,26.57
lakewood-ca,8622,4.61,91.8,77.8,116.02,70.88,98.21,285.31,301.22,43.22,228.19,49.85
lakewood-co,2535,4.39,23.88,37.03,68.36,80.19,64.18,129.57,149.82,16.55,106.18,19.44
lakewood-nj,1518,4.19,89.0,16.47,95.86,74.15,71.95,120.35,48.86,30.5,34.22,33.37
lakewood-oh,2347,4.41,30.9,53.48,102.79,51.36,84.99,138.5,111.19,11.12,83.49,29.3
lakewood-wa,1820,4.56,66.89,8.25,38.62,111.7,57.89,119.86,90.21,18.98,0.0,14.06
lancaster-ca,1658,4.42,77.22,0.0,39.58,94.14,60.28,99.17,86.67,30.64,39.71,29.66
lansing-mi,506,3.88,50.15,13.97,36.72,83.85,60.25,43.62,52.32,34.2,12.26,8.17
laredo-tx,88,3.73,7.2,6.34,4.32,29.37,2.58,24.66,6.17,13.49,0.0,15.72
largo-fl,1872,4.29,91.58,29.28,97.79,59.8,69.12,149.0,101.67,52.17,144.71,18.88
las-vegas-nv,16533,4.15,18.65,162.18,85.17,94.97,48.16,138.74,179.33,13.51,78.4,108.68
lauderhill-fl,1469,4.1,69.19,43.94,95.73,85.65,27.56,117.42,140.72,51.01,33.19,24.24
lawrence-ks,1126,4.34,29.44,16.44,69.86,33.62,49.17,126.35,68.34,3.17,31.62,3.81
lawrence-ma,3566,4.32,50.12,45.68,77.35,82.96,42.85,234.05,201.25,15.14,68.31,49.23
lawton-ok,243,4.11,23.77,0.0,24.28,50.04,7.64,48.3,20.45,2.32,0.0,5.55
layton-ut,953,4.21,53.75,1.0,43.01,78.72,61.79,80.31,67.25,10.17,28.14,8.17
league-city-tx,1521,4.33,55.53,12.49,121.3,60.74,14.6,154.81,209.88,23.94,75.56,43.23
levittown-ny,6453,4.58,103.49,99.66,93.9,71.13,106.77,248.08,229.85,56.53,283.59,25.07
levittown-pa,2929,4.52,97.43,19.61,141.19,78.12,68.26,212.79,109.37,27.65,64.03,33.65
lewisville-tx,3521,4.35,90.77,98.5,110.41,109.24,43.68,95.18,160.8,12.04,129.46,52.32
lexington-fayette-ky,873,4.27,67.52,0.0,49.49,55.41,94.83,120.35,53.02,13.81,42.21,11.23
lincoln-ne,357,3.85,15.92,0.0,50.17,17.68,18.28,97.06,71.23,1.58,15.13,16.47
little-rock-ar,491,4.03,19.98,0.0,47.53,75.43,20.36,145.93,66.15,9.23,7.04,16.66
livonia-mi,3878,4.44,65.74,63.28,74.11,75.44,132.6,198.71,215.49,12.99,213.03,38.07
lodi-ca,598,4.41,29.32,0.0,35.42,94.68,31.64,39.46,13.6,12.75,0.0,3.0
longmont-co,1437,4.24,22.07,27.03,66.86,82.33,67.83,95.88,104.28,14.97,75.39,32.93
longview-tx,212,4.23,17.97,2.0,19.64,37.81,10.21,25.52,10.34,4.58,6.34,6.98
lorain-oh,2041,4.4,40.08,26.8,86.7,41.83,58.81,143.9,93.05,1.0,63.34,18.36
los-angeles-ca,7229,4.63,82.54,114.68,41.08,59.77,101.19,251.08,270.59,34.38,294.54,46.89
loveland-co,802,4.18,21.49,16.72,39.0,70.4,50.59,33.73,44.74,15.97,40.4,22.02
lowell-ma,3477,4.32,38.34,45.68,64.16,61.53,39.02,218.78,191.25,16.14,68.31,36.95
lubbock-tx,229,3.83,9.68,22.62,20.2,26.86,12.68,27.04,31.87,1.0,24.09,16.32
lynchburg-va,322,3.96,18.57,3.91,24.48,71.14,18.08,120.68,7.39,8.94,12.74,2.0
lynn-ma,3691,4.33,56.26,45.68,64.26,96.69,71.29,223.42,194.83,26.01,81.24,48.73
lynwood-ca,8619,4.6,91.8,83.15,123.37,76.08,104.72,274.08,287.27,47.86,241.0,58.11
macon-ga,637,4.34,40.12,0.0,58.94,86.84,26.73,117.86,57.93,6.49,0.0,15.24
madison-wi,1674,4.33,48.68,28.16,73.16,54.76,69.07,90.15,87.64,5.52,80.78,32.31
malden-ma,3848,4.31,54.09,45.68,78.64,96.69,64.28,232.0,202.0,20.0,81.24,48.73
manchester-nh,968,4.14,44.53,0.0,68.97,70.03,26.3,104.43,48.77,10.71,3.17,12.87
manhattan-ks,295,4.05,24.08,0.0,55.09,38.76,15.83,84.48,21.74,3.17,0.0,13.3
mansfield-tx,3481,4.32,93.84,94.8,117.02,116.88,56.41,167.6,179.77,9.72,119.73,55.28
manteca-ca,630,4.37,41.41,0.0,36.83,93.46,31.22,53.74,19.37,16.92,0.0,7.17
maple-grove-mn,4444,4.58,62.35,20.33,102.33,50.29,113.67,90.74,167.98,9.27,139.69,25.41
margate-fl,1224,4.06,66.28,26.3,91.73,81.07,23.97,90.07,112.33,47.16,0.0,12.07
marietta-ga,3708,4.46,89.21,53.22,74.16,160.14,91.24,168.49,127.17,23.03,183.66,43.07
marysville-wa,1695,4.55,83.02,7.0,40.69,129.85,92.74,119.08,38.25,32.63,0.0,2.81
mcallen-tx,80,4.4,5.58,0.0,4.17,26.34,3.58,15.3,1.0,11.75,0.0,0.0
mckinney-tx,3118,4.35,87.54,67.39,83.33,95.43,33.09,126.79,159.02,9.72,96.64,44.98
medford-ma,3849,4.31,54.09,45.68,78.64,91.94,64.28,236.0,200.42,20.0,81.24,50.73
memphis-tn,1191,4.13,49.83,48.24,50.24,48.28,34.01,201.91,95.61,15.4,43.5,24.36
menifee-ca,1154,4.15,70.84,5.32,59.91,83.37,84.39,106.4,65.25,37.97,56.72,51.69
merced-ca,560,4.3,22.32,0.0,9.34,57.43,31.86,50.57,22.17,15.75,11.67,4.58
meriden-ct,1405,4.18,61.21,20.29,66.68,84.45,68.99,152.12,124.77,37.17,24.8,32.52
meridian-id,247,3.81,31.21,11.25,28.41,42.32,22.09,47.89,19.75,15.32,16.34,8.61
mesa-az,1600,4.24,21.34,25.37,51.88,56.11,79.81,179.26,157.28,5.46,150.07,33.83
mesquite-tx,3579,4.36,106.43,89.09,109.0,113.71,39.49,96.18,153.59,11.72,102.59,51.9
metairie-la,1456,4.36,28.49,91.83,63.38,50.01,16.88,225.7,104.55,5.81,41.71,50.1
miami-beach-fl,1518,4.13,74.99,62.86,79.13,88.65,27.24,128.65,145.95,64.38,42.11,28.71
miami-fl,1392,4.13,78.35,47.64,113.25,78.84,28.82,119.33,120.99,53.89,33.19,29.71
miami-gardens-fl,1391,4.12,78.32,43.94,90.7,86.52,31.14,124.55,132.54,62.25,33.19,30.82
midland-tx,169,3.9,6.64,0.0,11.49,29.74,18.44,26.34,38.51,0.0,10.75,8.04
midwest-city-ok,461,4.27,19.89,1.0,45.66,40.7,18.49,175.37,72.01,7.17,5.0,17.85
milford-city-balance-ct,1569,4.16,57.85,22.87,96.28,86.75,64.63,113.94,83.57,50.0,10.34,27.16
millcreek-ut,1355,4.27,55.75,1.0,43.75,86.04,71.37,98.57,97.9,12.17,28.14,17.91
milpitas-ca,3222,4.48,48.12,22.02,75.95,117.81,78.43,217.15,178.61,25.71,50.15,38.0
milwaukee-wi,3871,4.51,83.59,21.16,62.71,80.19,89.46,99.38,122.5,36.63,86.66,15.45
minneapolis-mn,4358,4.59,60.55,20.33,69.25,57.69,119.37,125.21,177.41,14.97,159.68,25.48
miramar-fl,1472,4.14,78.32,43.94,98.88,90.61,31.14,124.55,140.72,62.25,33.19,30.82
mission-tx,80,4.4,5.58,0.0,4.17,26.34,3.58,15.3,1.0,11.75,0.0,0.0
mission-viejo-ca,4652,4.54,102.08,17.01,143.19,95.53,80.21,159.55,146.6,62.0,166.33,54.16
missoula-mt,117,3.98,8.34,0.0,4.58,47.89,12.49,33.83,20.74,22.06,9.97,13.78
missouri-city-tx,1704,4.38,71.35,12.49,115.45,75.75,40.93,141.37,198.34,13.31,68.51,52.94
mobile-al,241,3.73,12.11,2.32,28.35,27.51,17.1,83.02,74.64,19.8,12.26,9.97
modesto-ca,468,4.31,26.73,0.0,40.42,68.55,31.22,55.26,34.77,13.75,18.0,4.58
montebello-ca,8579,4.58,91.8,51.57,126.37,81.69,106.3,293.65,293.12,44.69,220.96,55.67
monterey-park-ca,8148,4.62,86.71,63.34,132.54,81.19,103.8,271.29,276.06,38.6,232.72,61.55
montgomery-al,186,3.91,4.58,0.0,18.91,33.09,15.51,114.39,32.47,13.58,0.0,5.32
moreno-valley-ca,1295,4.14,65.5,5.32,65.3,63.77,74.6,108.27,71.34,26.35,108.27,55.28
mount-pleasant-sc,1098,4.09,35.03,1.0,57.12,86.52,30.22,217.45,46.22,16.17,40.94,31.88
mount-prospect-il,7376,4.59,58.4,67.51,114.81,95.85,117.52,232.9,316.97,35.13,305.15,38.45
mount-vernon-ny,6428,4.61,77.41,100.61,102.57,51.55,101.5,236.31,257.93,39.26,268.57,25.2
mountain-view-ca,3342,4.51,58.17,16.92,91.4,127.72,67.42,224.45,215.18,34.32,52.95,42.16
muncie-in,808,4.19,69.9,0.0,36.48,54.31,90.45,125.86,52.41,23.26,12.23,7.91
murfreesboro-tn,3026,4.43,54.63,53.62,48.95,122.6,102.91,314.22,209.48,19.68,118.06,21.5
murrieta-ca,1014,4.14,67.42,5.32,52.61,83.14,68.79,120.51,58.08,53.74,40.71,51.25
nampa-id,244,3.81,31.21,11.25,28.41,39.15,21.09,44.72,19.75,14.32,16.34,7.61
napa-ca,1083,4.27,26.59,0.0,30.48,49.51,17.34,90.44,80.97,15.34,62.48,15.1
naperville-il,5421,4.55,57.98,78.27,90.95,79.01,91.09,229.44,271.08,30.87,300.05,21.25
nashua-nh,1126,4.1,48.59,0.0,67.68,56.94,23.3,152.53,88.86,10.71,14.34,28.22
nashville-tn,3202,4.4,58.14,68.96,56.74,128.42,104.85,248.66,233.94,20.09,133.91,22.5
new-bedford-ma,1215,4.14,55.43,17.56,57.7,109.5,56.37,208.33,84.35,38.82,43.18,36.46
new-britain-ct,1388,4.18,63.02,20.29,66.32,83.45,67.04,159.03,133.71,37.17,29.44,29.35
new-brunswick-nj,3288,4.49,83.97,98.03,75.03,69.49,52.71,239.71,192.98,13.53,181.9,33.34
new-haven-ct,1542,4.15,52.2,20.29,89.78,70.97,63.56,143.16,107.92,50.59,20.04,35.33
new-orleans-la,2008,4.39,28.07,116.43,58.49,51.78,23.41,236.16,141.4,5.81,47.03,63.22
new-rochelle-ny,6436,4.61,77.41,100.61,106.74,55.72,99.5,238.31,259.93,38.26,268.57,24.2
newark-nj,6068,4.59,75.7,70.01,82.2,56.53,104.22,220.39,216.22,29.3,249.6,26.52
newport-beach-ca,5413,4.51,103.08,17.01,124.87,93.34,68.99,197.06,200.91,57.08,166.33,61.14
newport-news-va,998,4.3,34.87,0.0,76.24,67.23,23.04,161.12,63.67,34.43,8.16,12.91
niagara-falls-ny,1307,4.28,28.87,7.17,90.1,70.2,60.65,95.71,69.46,5.32,51.08,30.04
noblesville-in,2684,4.36,73.4,75.03,86.05,50.26,124.77,317.03,201.89,19.89,169.48,17.88
norfolk-va,1029,4.29,34.87,4.17,77.83,65.4,22.04,176.19,83.91,34.43,25.43,13.49
normal-il,923,4.33,69.78,1.0,67.31,39.08,37.15,97.03,9.75,10.02,9.48,11.17
norman-ok,574,4.25,17.31,6.78,45.66,35.94,9.32,167.04,70.43,3.0,4.0,17.85
north-charleston-sc,959,4.09,39.83,1.0,61.12,93.72,35.02,207.05,48.67,16.17,34.16,31.88
north-las-vegas-nv,14545,4.19,14.48,133.01,73.1,76.73,36.06,142.06,171.61,15.51,43.63,88.44
north-little-rock-ar,517,4.01,18.98,0.0,49.12,68.67,17.78,141.93,69.32,9.23,7.04,13.66
north-miami-fl,1407,4.13,78.32,43.94,96.23,90.61,31.14,124.55,140.72,66.57,33.19,30.82
north-port-fl,1230,4.3,63.83,21.67,68.95,69.88,41.8,70.54,41.4,59.51,59.6,12.19
north-richland-hills-tx,3791,4.35,94.77,91.24,120.02,114.62,67.05,163.3,192.97,11.72,134.0,59.45
norwalk-ca,8627,4.58,91.8,51.57,124.52,86.28,103.6,286.72,274.68,43.22,185.69,64.9
norwalk-ct,2552,4.36,83.19,22.87,116.7,83.43,93.56,161.39,139.74,44.42,20.79,21.99
novato-ca,2992,4.4,37.73,53.49,128.58,89.33,41.5,274.94,261.67,20.71,109.26,76.4
novi-mi,2135,4.26,69.33,62.28,77.51,62.62,100.14,167.68,207.22,12.99,197.35,33.26
o-fallon-mo,2236,4.49,28.79,18.4,118.49,81.91,54.44,121.5,106.13,3.0,67.74,38.27
oak-lawn-il,7954,4.61,58.4,85.77,99.82,91.27,138.43,233.87,293.5,33.45,316.69,24.42
oak-park-il,7797,4.61,61.4,86.96,99.39,84.76,137.11,254.63,293.27,31.13,311.06,33.86
oakland-ca,2438,4.43,44.84,49.73,74.82,69.82,41.28,156.98,189.12,15.92,120.66,42.81
ocala-fl,570,4.17,51.9,1.0,42.41,97.2,46.7,67.75,27.33,38.5,20.91,17.15
oceanside-ca,2551,4.42,49.04,5.32,113.34,78.54,47.84,119.29,83.79,72.2,114.11,30.28
odessa-tx,167,3.92,8.64,0.0,11.49,31.55,21.24,32.15,37.51,0.0,11.75,9.04
ogden-ut,822,4.18,55.75,0.0,48.01,77.72,48.82,60.95,66.49,12.17,28.14,6.17
oklahoma-city-ok,587,4.22,23.21,12.43,52.66,41.02,16.49,176.23,86.42,6.17,5.0,23.66
olathe-ks,2088,4.33,37.87,40.38,94.16,45.99,65.04,179.2,118.17,12.97,94.81,15.87
omaha-ne,960,4.2,38.57,12.34,57.9,32.99,41.86,76.17,82.82,5.17,40.54,21.1
ontario-ca,4553,4.54,93.12,13.2,133.11,74.71,91.1,173.52,155.32,33.66,165.51,45.28
orange-ca,4912,4.49,105.63,28.41,108.2,86.52,67.05,195.87,188.57,49.74,150.55,40.27
orem-ut,906,4.15,51.16,0.0,48.75,95.1,69.84,72.26,47.32,11.58,28.14,13.91
orland-park-il,6593,4.55,67.38,98.17,105.95,88.88,119.27,284.17,312.25,34.04,298.2,24.88
orlando-fl,3644,4.36,80.1,30.58,219.71,96.03,64.7,124.52,75.36,60.17,66.03,66.66
oshkosh-wi,624,4.15,54.12,0.0,60.81,50.4,26.64,35.89,33.0,21.14,34.8,15.16
overland-park-ks,2784,4.4,39.45,40.38,85.41,45.99,118.36,188.54,121.34,9.8,94.81,15.87
owensboro-ky,360,4.16,39.82,4.81,34.19,54.19,38.31,62.19,27.28,20.65,14.47,9.09
oxnard-ca,1849,4.48,74.53,10.04,28.72,95.6,52.62,124.63,79.86,61.58,43.37,19.97
palatine-il,5745,4.5,68.38,73.72,114.58,90.76,112.78,255.76,293.19,36.72,301.49,41.03
palm-coast-fl,975,4.14,93.67,12.86,81.25,129.08,81.27,178.51,45.74,67.59,31.56,20.3
palm-harbor-fl,2504,4.39,74.75,25.11,96.1,61.58,87.84,141.47,103.67,54.49,144.71,24.9
palmdale-ca,2479,4.47,78.66,32.44,35.49,90.85,76.34,153.21,142.75,27.35,68.31,48.09
palo-alto-ca,3702,4.53,46.44,71.39,66.13,120.32,67.42,218.87,232.54,29.51,87.25,43.74
paradise-nv,13167,4.16,12.89,135.59,81.77,107.53,43.76,146.23,171.61,15.51,43.63,95.44
paramount-ca,8937,4.59,92.8,90.32,120.72,81.08,108.72,281.25,308.37,43.22,275.6,64.62
parma-oh,2252,4.43,31.9,37.02,92.74,51.36,84.99,128.79,119.17,11.12,46.09,22.97
pasadena-ca,8374,4.63,78.74,62.55,115.86,80.87,95.78,275.87,264.28,29.32,235.37,50.72
pasadena-tx,1810,4.37,69.93,12.49,114.67,63.91,45.42,143.87,199.58,21.13,75.38,48.93
pasco-wa,44,4.2,9.58,0.0,2.58,29.09,14.75,12.17,2.58,4.0,0.0,3.58
passaic-nj,7254,4.6,80.61,100.61,100.55,65.95,133.85,240.83,255.33,28.13,292.2,25.52
paterson-nj,7014,4.61,75.36,100.61,86.44,64.16,129.87,239.85,251.88,34.13,292.2,25.52
pawtucket-ri,1624,4.09,66.67,19.56,50.52,121.05,71.0,229.02,113.36,40.35,74.92,37.54
peabody-ma,3711,4.32,48.51,45.68,76.52,95.93,66.12,231.38,194.83,20.84,81.24,52.82
pearland-tx,1662,4.4,68.35,12.49,114.67,67.94,33.03,123.9,192.71,13.31,68.51,45.23
pembroke-pines-fl,1397,4.12,78.32,43.94,98.88,90.61,28.56,119.97,137.72,60.67,33.19,28.24
pensacola-fl,297,3.93,14.81,2.0,23.25,43.55,25.68,49.2,60.87,36.66,33.55,6.91
peoria-az,8787,4.46,21.34,25.37,66.94,56.6,98.64,177.01,150.85,0.0,150.07,27.43
peoria-il,1014,4.44,58.94,1.0,57.78,39.3,33.34,99.28,22.7,4.32,6.48,18.56
perris-ca,1211,4.11,67.25,5.32,76.47,73.07,70.18,107.71,83.85,37.97,87.42,62.2
perth-amboy-nj,6122,4.56,73.56,87.98,107.51,57.01,125.41,306.22,247.31,14.08,289.14,40.59
petaluma-ca,1694,4.36,29.17,15.31,63.89,118.42,46.61,121.17,89.49,19.38,40.08,24.0
pharr-tx,80,4.4,5.58,0.0,4.17,26.34,3.58,15.3,1.0,11.75,0.0,0.0
philadelphia-pa,3080,4.56,88.95,22.27,78.87,65.39,65.52,202.38,118.62,32.82,99.2,30.73
phoenix-az,2844,4.39,26.48,31.1,53.72,64.38,153.76,179.47,154.34,5.46,166.61,30.61
pico-rivera-ca,8714,4.58,91.8,54.74,121.72,81.69,104.3,296.29,289.36,40.05,207.54,61.18
pine-hills-fl,3340,4.33,50.69,35.22,235.76,112.63,69.04,121.32,71.15,59.2,42.01,59.35
placentia-ca,6033,4.5,109.21,65.87,115.9,93.08,105.35,293.83,242.65,43.22,169.69,65.49
plano-tx,3403,4.35,93.86,82.3,112.0,102.26,41.9,119.39,127.96,11.72,101.59,52.32
plantation-fl,1439,4.13,69.19,43.94,95.73,85.65,27.56,111.01,140.72,55.71,33.19,24.24
plymouth-mn,4454,4.58,65.52,20.33,104.33,60.8,116.84,90.74,167.98,9.27,149.51,33.31
pocatello-id,93,3.79,7.58,0.0,24.02,51.8,22.63,18.0,5.0,6.58,2.0,6.58
poinciana-fl,3487,4.36,70.8,30.58,234.49,102.27,46.28,134.45,84.56,55.28,85.78,48.62
pomona-ca,5368,4.55,100.9,38.35,111.7,73.51,87.35,213.38,215.1,23.95,172.6,46.93
pompano-beach-fl,1232,4.04,70.45,26.3,102.07,77.9,22.39,91.07,114.33,47.16,0.0,12.07
pontiac-mi,2034,4.25,71.23,71.58,80.82,72.49,97.45,183.05,188.47,12.99,196.91,34.34
port-arthur-tx,145,3.82,31.5,0.0,36.53,58.04,6.17,34.44,13.34,16.89,0.0,17.3
port-charlotte-fl,639,3.91,63.77,13.44,63.89,51.79,32.15,75.42,67.56,40.19,52.16,16.41
port-orange-fl,1211,4.21,75.25,15.55,70.98,135.69,102.53,112.03,44.77,66.91,75.93,17.31
porterville-ca,415,4.4,4.81,5.32,19.9,61.24,19.56,42.3,32.34,2.81,40.88,11.75
portland-me,802,4.12,25.93,9.17,52.09,58.64,27.88,109.66,56.42,18.01,2.0,13.8
portland-or,1576,4.34,32.14,51.72,68.27,51.65,15.98,119.43,97.08,9.32,104.57,45.61
portsmouth-va,1114,4.26,33.87,4.17,81.47,65.72,22.04,176.61,93.4,28.82,29.6,13.49
provo-ut,941,4.17,51.16,0.0,41.47,96.27,71.43,70.97,51.32,11.58,28.14,8.63
pueblo-co,673,4.19,21.65,7.98,42.26,94.6,25.85,45.46,51.48,5.17,38.83,5.29
quincy-ma,3916,4.32,49.29,45.68,61.17,94.52,77.65,236.05,199.55,21.0,88.02,45.41
racine-wi,2925,4.44,84.72,14.94,75.64,109.24,69.37,120.41,135.07,38.22,87.69,17.34
raleigh-nc,1877,4.34,62.56,70.44,70.74,48.22,65.9,139.95,141.41,15.52,83.78,19.97
rancho-cordova-ca,781,4.02,35.93,24.83,47.26,81.31,40.97,145.25,86.24,10.58,55.77,17.72
rapid-city-sd,834,4.16,20.89,11.12,69.01,92.6,33.73,118.47,72.74,3.32,4.0,35.13
reading-pa,934,4.1,54.84,2.0,91.0,54.92,27.37,130.74,46.03,14.56,18.97,41.9
redding-ca,76,4.1,5.0,0.0,7.17,46.89,21.08,11.0,14.51,1.58,0.0,10.58
redlands-ca,1230,4.12,66.35,5.32,75.05,66.91,79.87,103.08,71.93,18.89,77.32,58.13
redmond-wa,4350,4.41,95.81,55.37,71.21,156.9,98.75,234.57,249.22,37.23,129.79,46.2
redondo-beach-ca,8950,4.59,97.58,70.51,142.89,90.33,95.45,285.4,283.19,51.48,247.14,56.83
redwood-city-ca,3225,4.49,52.38,24.79,106.73,89.32,56.51,257.0,210.77,30.1,77.87,60.06
reno-nv,3426,4.16,8.17,17.48,16.92,71.12,41.9,71.55,55.09,8.17,15.18,6.17
renton-wa,4061,4.41,87.63,52.82,75.89,121.8,78.39,214.01,254.1,23.64,96.49,56.33
revere-ma,3832,4.32,53.09,45.68,77.64,96.69,64.28,219.77,188.19,19.0,81.24,45.41
rialto-ca,3729,4.56,92.73,5.32,93.67,71.19,77.0,140.48,94.7,32.43,121.8,44.61
richardson-tx,3394,4.34,102.26,82.3,115.7,105.96,54.44,100.18,143.19,11.72,101.59,52.32
richmond-ca,3030,4.41,45.58,53.49,137.49,90.37,45.09,262.79,239.92,24.29,107.43,75.89
richmond-va,1138,4.41,49.14,14.86,34.69,67.95,19.13,227.94,26.7,25.36,19.88,4.0
rio-rancho-nm,554,4.02,13.17,20.17,53.33,54.08,18.75,140.28,111.3,5.0,13.92,30.42
riverside-ca,3707,4.57,81.02,5.32,87.96,72.05,54.38,141.46,108.58,31.77,94.61,34.67
riverview-fl,1842,4.32,57.69,16.84,96.44,54.07,66.66,145.19,116.92,35.61,154.42,25.23
roanoke-va,365,4.14,16.81,0.0,17.47,76.87,28.83,60.55,28.55,3.32,0.0,11.78
rochester-mn,578,4.39,33.08,0.0,32.93,34.32,30.66,36.51,28.27,4.0,16.6,18.72
rochester-ny,781,4.22,51.55,9.09,46.42,111.83,40.55,93.63,62.09,24.5,89.62,15.06
rock-hill-sc,2181,4.36,64.15,80.07,92.19,112.93,87.1,128.22,139.7,24.41,139.6,54.28
rockford-il,952,4.39,42.43,4.17,38.73,40.74,45.35,81.42,38.12,14.66,33.79,13.34
rocklin-ca,906,4.09,28.93,33.61,53.22,77.19,41.82,136.43,76.17,17.92,55.77,18.72
rockville-md,4870,4.58,91.72,91.94,51.59,125.67,65.59,508.8,257.14,32.03,160.41,43.61
rocky-mount-nc,298,4.06,46.55,0.0,20.46,52.77,23.17,70.89,11.95,17.52,0.0,12.58
rogers-ar,478,4.02,11.17,2.58,57.28,88.06,37.58,65.06,69.69,9.4,54.88,32.49
rosemead-ca,8193,4.62,91.8,54.74,125.37,81.69,112.48,279.26,277.64,42.69,222.54,54.67
roseville-ca,782,4.01,30.93,33.61,46.26,72.34,41.82,145.25,87.83,14.34,55.77,18.72
roswell-ga,4087,4.47,93.67,57.48,93.87,198.19,97.6,182.34,148.25,19.53,198.25,48.24
round-rock-tx,2698,4.47,68.22,90.25,54.44,142.93,93.18,134.22,153.59,7.13,130.75,48.62
rowlett-tx,3551,4.36,105.43,80.59,108.53,113.71,34.09,87.42,141.64,11.72,102.59,49.9
royal-oak-mi,3741,4.46,68.85,45.5,79.36,85.3,150.0,203.54,183.48,12.99,188.12,40.07
sacramento-ca,852,4.07,33.61,25.83,56.6,78.14,38.22,149.08,95.83,14.75,55.77,16.4
salem-or,188,4.0,13.17,3.81,33.64,21.92,4.17,44.38,36.78,12.17,0.0,20.09
salt-lake-city-ut,1232,4.13,63.47,6.17,58.48,79.72,66.37,123.53,116.5,11.17,28.14,16.91
san-angelo-tx,101,4.29,18.52,0.0,6.17,69.01,21.01,33.83,4.75,0.0,0.0,1.0
san-antonio-tx,2608,4.35,78.1,21.42,87.44,150.67,77.5,195.47,98.27,1.0,57.76,35.77
san-bernardino-ca,1329,4.15,66.35,5.32,71.56,74.06,77.65,135.71,70.25,23.7,85.96,50.54
san-clemente-ca,3628,4.53,77.7,9.13,105.49,82.81,72.73,130.28,109.88,67.77,109.23,55.34
san-diego-ca,3737,4.34,44.95,88.34,101.41,70.63,55.32,214.61,212.97,72.9,127.12,25.43
san-francisco-ca,4726,4.44,73.61,87.67,97.54,84.42,55.53,280.35,262.71,25.18,229.66,66.77
san-jose-ca,2327,4.4,62.48,36.27,76.18,93.94,72.22,162.2,118.29,26.42,52.95,29.3
san-leandro-ca,3271,4.48,40.82,28.7,123.8,80.03,62.15,259.22,224.02,22.71,81.1,71.36
san-mateo-ca,3297,4.47,51.8,28.7,121.96,86.74,63.37,263.46,220.43,27.51,85.69,81.73
san-rafael-ca,3055,4.38,42.38,53.49,119.77,93.21,42.31,256.95,237.96,22.93,118.1,67.66
san-ramon-ca,3309,4.49,45.58,23.2,101.02,83.61,49.29,248.64,233.97,21.71,132.38,50.36
san-tan-valley-az,1400,4.23,18.75,25.37,43.77,55.94,60.66,133.35,108.61,5.46,152.06,31.42
sandy-springs-ga,4165,4.47,100.47,62.24,96.62,176.75,98.68,200.01,150.56,24.62,204.06,49.7
sanford-fl,1741,4.21,61.9,35.22,125.41,105.26,87.36,151.51,83.8,62.87,41.01,56.28
santa-ana-ca,4887,4.48,97.76,17.01,117.87,90.43,69.75,195.78,183.12,55.35,129.64,59.7
santa-barbara-ca,821,4.23,39.18,17.76,29.93,96.35,18.91,96.48,46.79,44.89,39.45,26.04
santa-clara-ca,3213,4.48,56.04,22.59,84.37,130.65,73.64,222.94,184.89,33.49,52.95,31.79
santa-clarita-ca,5189,4.54,80.59,50.82,96.08,87.73,64.59,292.33,235.68,31.96,217.63,73.54
santa-cruz-ca,2060,4.39,73.82,16.92,91.19,134.34,62.07,165.9,142.58,40.34,45.13,37.37
santa-fe-nm,408,4.1,15.17,5.75,24.24,38.55,13.75,108.42,57.34,6.0,5.17,17.56
santa-maria-ca,508,4.26,32.96,5.32,21.69,107.13,30.99,52.88,26.06,32.92,42.77,8.85
santa-monica-ca,8332,4.6,109.26,45.69,130.59,102.85,97.25,268.62,246.36,47.68,166.44,72.52
santee-ca,3586,4.38,46.54,61.3,127.63,78.11,76.63,208.45,225.4,67.62,130.39,31.76
sarasota-fl,945,4.22,41.71,29.19,53.75,57.42,30.3,77.35,62.01,35.28,142.17,9.46
savannah-ga,1028,4.05,40.47,7.64,28.34,77.66,17.21,257.11,99.65,10.17,50.48,10.29
schaumburg-il,6226,4.5,67.38,73.72,120.97,96.78,116.68,276.27,303.64,38.04,301.49,48.01
schenectady-ny,1030,4.27,24.21,1.0,20.29,42.65,42.93,93.51,48.9,7.58,70.64,23.06
scottsdale-az,1925,4.23,21.34,29.46,71.1,53.79,85.02,176.04,169.93,10.67,154.16,34.83
scranton-pa,468,4.06,42.22,1.0,31.32,31.15,21.08,53.42,6.32,15.34,11.75,21.33
seattle-wa,5085,4.43,139.33,75.94,80.02,127.0,68.09,213.85,250.78,24.78,169.48,70.29
shawnee-ks,2777,4.4,31.53,40.38,89.41,39.65,115.19,187.54,121.34,6.63,94.81,15.87
shoreline-wa,4102,4.4,83.26,47.74,75.18,126.32,108.36,235.71,237.73,32.61,106.91,42.5
shreveport-la,164,3.59,16.8,3.17,26.52,47.64,21.44,50.09,28.06,11.49,27.82,13.47
simi-valley-ca,5588,4.56,87.35,106.18,87.77,88.29,56.25,268.62,255.6,38.71,245.64,90.02
sioux-city-ia,120,3.7,16.49,0.0,16.31,19.58,6.0,34.65,13.09,1.0,29.52,5.39
skokie-il,7841,4.6,68.38,79.56,101.51,101.34,143.11,240.65,272.31,35.72,310.76,34.86
smyrna-ga,4184,4.48,89.77,52.62,96.62,147.43,84.99,203.76,149.58,23.03,221.24,43.53
somerville-ma,3789,4.32,52.68,50.07,67.84,91.52,65.28,228.55,194.74,24.17,81.24,48.41
south-gate-ca,8689,4.59,91.62,89.18,123.37,84.45,100.63,280.42,293.61,44.51,241.0,54.94
south-hill-wa,1830,4.56,70.42,8.25,38.62,106.43,52.9,106.36,85.89,11.04,0.0,13.06
south-jordan-ut,1060,4.17,54.75,1.0,46.75,84.04,71.37,96.57,95.9,14.17,28.14,16.91
south-san-francisco-ca,3238,4.39,50.38,65.1,127.41,98.98,51.31,267.14,255.69,30.1,123.61,77.47
southfield-mi,3918,4.44,77.25,62.28,85.87,92.7,145.05,214.3,225.8,12.99,211.47,41.07
sparks-nv,2779,4.07,7.17,29.02,16.34,67.62,34.98,55.7,43.33,13.56,15.18,6.17
spokane-valley-wa,251,4.09,25.44,2.0,27.79,29.49,25.92,23.08,13.87,9.99,11.1,6.75
spokane-wa,210,3.97,26.86,0.0,31.37,36.07,25.92,25.08,17.87,1.0,11.1,9.75
spring-hill-fl,1579,4.45,50.62,11.85,89.47,75.36,57.37,72.75,52.49,41.75,97.59,21.52
spring-tx,1514,4.32,71.35,12.49,83.63,72.55,24.27,146.95,197.37,10.5,75.38,37.3
spring-valley-nv,14551,4.2,13.89,135.59,77.07,66.52,35.89,141.1,167.16,15.51,43.63,95.44
springdale-ar,510,4.01,13.17,1.0,40.55,94.38,45.04,83.93,69.69,5.49,51.29,24.12
springfield-il,258,3.74,37.69,1.0,33.21,40.76,17.78,153.32,24.56,3.58,0.0,3.0
springfield-mo,437,3.96,18.47,0.0,66.62,77.2,23.51,53.75,32.29,6.17,50.9,18.17
springfield-or,231,3.71,4.0,7.78,17.09,35.19,16.51,21.75,19.17,11.17,32.28,7.04
stamford-ct,2756,4.41,75.32,9.37,105.39,63.69,88.13,297.83,184.02,37.85,30.66,24.57
sterling-heights-mi,3872,4.45,65.15,67.49,83.65,75.9,128.73,226.09,201.54,3.58,238.79,40.07
stratford-ct,1587,4.15,58.85,22.87,96.28,88.75,66.63,117.94,86.74,55.0,14.34,24.57
suffolk-va,953,4.27,35.61,0.0,92.17,59.27,22.04,145.1,68.84,32.85,8.16,13.49
sugar-land-tx,1565,4.34,71.35,12.49,111.48,75.16,19.31,148.95,192.09,13.31,68.51,53.47
sunrise-fl,1417,4.1,69.19,43.94,84.11,85.65,27.56,119.0,140.72,52.01,33.19,24.82
sunrise-manor-nv,14631,4.2,17.65,133.01,86.53,122.55,46.51,141.06,171.61,15.51,43.63,95.44
surprise-az,2007,4.3,16.75,25.37,56.67,53.18,99.64,170.17,154.88,4.17,188.58,16.1
syracuse-ny,505,4.09,46.54,9.28,34.02,91.62,56.86,61.07,32.49,31.4,22.33,8.69
tacoma-wa,2047,4.24,58.11,54.6,50.8,106.18,48.45,162.56,140.76,15.07,82.62,18.41
tallahassee-fl,365,3.94,15.04,0.0,49.29,62.84,15.83,86.73,32.24,11.38,0.0,7.13
tamarac-fl,1366,4.08,69.19,34.3,90.11,75.57,25.56,105.04,114.3,48.33,32.19,22.82
tamiami-fl,1462,4.12,87.34,37.02,123.88,102.14,38.82,139.77,143.43,69.72,35.19,30.99
taunton-ma,1729,4.07,64.0,10.77,52.69,117.45,60.66,219.11,130.88,39.35,96.68,29.37
taylor-mi,3820,4.46,80.26,62.28,98.16,97.16,138.46,198.87,234.97,12.99,207.66,43.07
taylorsville-ut,1062,4.17,55.75,1.0,47.75,84.04,71.37,97.57,95.9,14.17,28.14,16.91
temecula-ca,1391,4.24,65.61,5.32,42.9,72.27,53.03,98.25,73.18,47.74,99.32,28.83
tempe-az,2560,4.31,21.34,27.69,79.85,56.6,118.82,205.24,189.6,5.46,164.07,33.83
temple-tx,514,4.2,41.44,0.0,42.51,110.12,31.12,81.42,32.86,2.0,6.34,24.98
terre-haute-in,157,4.01,13.76,4.81,13.55,36.59,16.3,43.49,34.97,6.86,14.47,8.52
the-hammocks-fl,1325,4.12,78.32,40.72,103.27,91.35,36.23,127.86,115.01,62.4,33.19,30.99
thornton-co,2580,4.38,24.98,37.03,66.78,94.72,67.91,147.22,158.37,14.97,106.18,26.18
thousand-oaks-ca,3162,4.47,87.24,47.72,86.76,96.92,50.6,215.44,188.85,64.36,126.15,57.86
tinley-park-il,6969,4.54,86.6,97.91,113.37,107.14,147.23,286.82,343.42,41.08,301.09,19.12
toledo-oh,1044,4.35,53.26,6.75,35.53,58.12,71.37,54.05,68.24,3.58,26.31,7.0
toms-river-nj,1730,4.35,100.28,16.47,121.3,88.77,39.36,122.36,37.86,37.5,34.22,32.37
tonawanda-ny,1339,4.25,41.58,7.17,90.03,75.84,70.73,108.67,72.46,13.23,51.08,28.04
topeka-ks,592,4.2,30.25,10.0,46.06,44.05,24.74,96.25,41.88,3.17,31.62,11.27
torrance-ca,8828,4.59,97.58,68.66,164.81,90.33,100.15,266.57,275.78,49.15,254.01,55.26
town-n-country-fl,2492,4.41,70.17,27.7,95.25,54.0,97.49,131.81,122.18,57.49,144.71,25.64
towson-md,3336,4.49,95.36,63.58,56.16,105.25,104.27,233.89,124.18,39.1,40.98,26.84
tracy-ca,1014,4.37,49.9,0.0,45.1,100.71,39.64,133.64,64.93,15.34,4.0,17.48
trenton-nj,1969,4.41,77.26,19.61,123.89,53.95,32.86,200.66,93.68,14.9,54.16,40.29
troy-mi,3894,4.44,70.85,62.28,96.35,90.58,145.67,203.38,203.74,12.99,207.97,46.71
troy-ny,1205,4.2,34.24,1.0,25.28,50.61,46.57,122.17,70.48,16.04,75.64,17.53
tucson-az,722,4.12,7.58,3.17,57.59,43.57,24.47,110.16,102.95,0.0,20.68,54.84
tulare-ca,140,4.14,12.73,0.0,25.29,62.84,17.6,23.49,16.97,5.17,11.67,7.23
turlock-ca,521,4.38,24.73,0.0,39.42,78.22,29.77,50.82,33.96,10.75,18.0,1.0
tuscaloosa-al,423,4.32,20.99,2.0,22.52,48.83,36.68,71.51,48.12,9.58,1.58,5.0
tustin-ca,5443,4.51,97.08,17.01,112.9,105.63,75.08,227.19,200.49,64.0,138.52,67.25
tyler-tx,221,4.18,19.06,0.0,16.6,34.56,8.44,21.76,5.17,11.72,0.0,6.98
union-city-nj,7324,4.6,84.39,100.61,102.87,67.35,135.26,240.3,243.73,32.3,278.27,32.01
utica-ny,222,4.17,22.9,3.32,12.86,41.65,39.94,57.84,11.75,19.88,13.57,13.24
vacaville-ca,1353,4.22,29.98,16.04,73.16,100.02,33.55,153.78,92.76,20.12,56.23,16.42
valdosta-ga,242,4.03,10.64,0.0,51.8,71.02,18.31,52.63,10.34,8.98,0.0,5.0
vallejo-ca,3116,4.38,39.9,54.49,130.45,86.52,43.1,224.2,224.58,18.97,102.75,59.53
vancouver-wa,990,4.31,23.95,36.71,52.43,57.99,9.69,108.53,70.79,10.32,47.5,50.01
victoria-tx,245,4.02,16.61,0.0,48.4,49.37,9.91,29.06,10.23,19.03,0.0,15.14
victorville-ca,852,4.19,56.68,0.0,27.89,61.61,74.07,72.21,38.03,20.73,28.76,42.37
vineland-nj,1750,4.51,77.89,2.0,63.82,64.22,57.8,122.47,44.11,31.96,26.09,29.58
virginia-beach-va,979,4.23,36.9,4.17,89.99,77.01,23.5,155.55,74.06,41.27,8.16,10.49
visalia-ca,198,4.06,16.54,8.34,26.88,73.65,16.02,28.71,27.08,5.17,11.67,11.04
vista-ca,2440,4.45,43.5,7.32,118.99,72.26,52.58,86.66,74.45,76.75,109.92,27.53
waco-tx,253,3.96,28.6,0.0,29.64,75.79,22.48,65.86,24.46,10.72,0.0,14.82
waltham-ma,3835,4.32,53.9,45.68,81.12,92.94,68.87,208.4,178.82,23.81,81.24,40.08
warner-robins-ga,544,4.33,46.19,0.0,52.76,90.01,26.63,120.67,58.51,3.17,0.0,12.07
warren-mi,3836,4.45,65.15,57.32,82.06,75.9,128.73,220.33,193.87,3.58,238.79,40.07
warwick-ri,1689,4.15,60.43,19.56,52.33,112.49,54.57,238.03,90.54,38.23,69.67,48.43
watsonville-ca,1851,4.37,78.96,26.05,72.74,123.71,66.96,137.56,120.12,36.22,26.45,24.37
waukegan-il,3136,4.49,98.06,13.95,92.38,108.78,84.98,138.44,132.63,39.25,97.02,42.03
waukesha-wi,4057,4.5,72.25,20.96,69.2,82.69,90.78,98.87,164.61,38.22,120.75,19.86
wellington-fl,1039,4.15,75.16,8.34,86.93,89.45,41.5,86.97,85.53,54.45,9.34,3.91
west-allis-wi,3949,4.51,81.24,14.94,69.2,98.87,89.46,97.95,137.63,39.22,77.38,17.86
west-covina-ca,8244,4.6,96.57,64.06,136.69,81.27,107.69,278.97,261.55,28.04,228.84,57.66
west-des-moines-ia,803,4.24,17.47,15.16,45.7,6.32,12.32,79.63,76.47,0.0,43.93,9.2
west-jordan-ut,1058,4.17,52.75,1.0,46.75,82.04,69.37,92.57,91.9,13.17,28.14,15.91
west-palm-beach-fl,996,4.11,73.77,15.26,89.95,83.66,42.5,73.69,66.38,40.08,9.34,15.39
west-valley-city-ut,1178,4.12,53.75,1.0,47.75,81.04,79.29,99.57,97.9,13.17,28.14,15.91
westland-mi,4051,4.44,73.34,72.37,91.16,92.7,156.26,219.99,241.55,12.99,222.46,41.07
westminster-ca,6753,4.54,110.37,57.92,112.8,94.69,83.42,269.29,281.15,47.42,203.0,67.3
westminster-co,2616,4.37,22.66,33.23,71.53,74.58,62.79,138.8,158.37,16.55,106.18,30.93
weston-fl,1406,4.11,83.0,43.94,97.6,86.97,28.88,113.34,136.72,57.71,33.19,28.24
weymouth-town-ma,3892,4.33,47.7,45.68,61.91,93.68,81.49,240.89,204.12,28.01,88.02,32.63
wheaton-il,5636,4.48,72.38,73.72,129.25,88.78,99.03,256.48,289.43,34.04,327.04,42.2
white-plains-ny,6190,4.6,91.4,83.69,86.08,67.06,101.95,278.32,260.51,37.85,258.11,19.26
whittier-ca,8655,4.59,92.8,58.74,119.02,76.49,100.8,292.89,288.02,40.05,200.03,56.24
wichita-falls-tx,286,4.46,7.49,0.0,23.01,21.65,4.64,54.57,18.76,2.32,0.0,5.0
wichita-ks,422,4.0,29.9,7.92,68.97,41.04,47.0,79.32,54.94,4.75,5.93,24.4
wilmington-de,2776,4.52,75.2,18.02,78.85,63.02,29.45,224.05,104.76,34.21,97.81,28.41
wilmington-nc,444,3.82,9.56,9.17,39.66,46.23,10.15,64.11,26.75,13.45,12.74,31.56
winston-salem-nc,804,4.22,78.7,31.3,57.16,106.53,64.23,106.25,53.66,17.11,21.2,18.78
woodbury-mn,4460,4.58,57.6,20.33,98.67,59.69,110.92,114.38,174.42,15.97,149.51,33.31
woodland-ca,810,4.07,23.61,16.04,55.24,79.89,28.64,143.61,77.53,20.54,55.77,13.4
worcester-ma,1098,4.08,74.43,0.0,46.89,134.59,61.5,161.36,74.78,26.71,13.12,11.7
wyoming-mi,1738,4.19,72.24,38.8,79.12,77.49,46.0,106.25,75.29,48.41,70.35,20.19
yakima-wa,101,4.26,6.75,1.58,8.85,38.12,21.54,9.92,11.49,0.0,0.0,5.81
yonkers-ny,6435,4.6,77.64,100.61,101.57,56.58,102.78,232.67,255.61,39.26,268.57,24.2
yorba-linda-ca,5179,4.47,101.83,28.41,100.94,78.71,86.95,264.47,187.86,38.57,150.55,54.11
youngstown-oh,1069,4.35,22.49,0.0,22.82,24.17,34.12,80.4,21.29,1.58,0.0,12.53
yuba-city-ca,433,4.12,21.02,0.0,18.32,77.01,40.38,94.55,24.45,17.92,41.5,1.0
yucaipa-ca,1319,4.19,47.2,5.32,62.31,59.84,67.37,98.74,69.45,18.89,145.84,41.96
yuma-az,234,4.06,15.94,0.0,23.91,35.46,21.85,29.55,30.23,3.81,0.0,16.63
